<?xml version="1.0" encoding="UTF-8"?>
<project-private xmlns="http://www.netbeans.org/ns/project-private/1">
    <editor-bookmarks xmlns="http://www.netbeans.org/ns/editor-bookmarks/2" lastBookmarkId="0"/>
    <open-files xmlns="http://www.netbeans.org/ns/projectui-open-files/2">
        <group>
            <file>file:/C:/Users/Jesús%20López/Desktop/facultad/DDSI/Practicas/Seminario2/S2.2/src/s2/Controlador.java</file>
            <file>file:/C:/Users/Jesús%20López/Desktop/facultad/DDSI/Practicas/Seminario2/S2.2/src/s2/main.java</file>
            <file>file:/C:/Users/Jesús%20López/Desktop/facultad/DDSI/Practicas/Seminario2/S2.2/src/s2/Modelo.java</file>
            <file>file:/C:/Users/Jesús%20López/Desktop/facultad/DDSI/Practicas/Seminario2/S2.2/src/s2/VistaTextual.java</file>
        </group>
    </open-files>
</project-private>
